joca123;joca123;Joca;Jocic;Male;2022-06-14
ala;ala;Joca;Jocic;Male;2022-06-14
laca;laca;Laca;Lacic;Male;2022-06-21
maca;maca;Maca;Macic;Female;2022-06-15
steva111;steva111;Steva;Stevanovic;Male;2022-04-06
vojo;vojo;Vojin;Vojinovic;Male;2022-06-01
